Workbook

Sheet 原始数据
A1: 项目信息 | I1: 试验信息
A2: 报告编号 | C2: 合同号Contract No. | D2: 试验日期 | E2: Product Code | F2: Product Name | G2: 焊缝名称 | H2: Inspection aera | I2: Temperature°C试验温度 | J2: 试验湿度 | K2: Test Method | L2: 标准漏孔标定漏率 Q0 | O2: 标漏检定温度 | P2: 试验温度下标准漏率 Qt | Q2: 仪器本底 I0 | T2: 仪器本底噪声 In | U2: 仪器校准标漏开启后读数 I | X2: 仪器最小可检漏率 Qmin | Y2: 系统本底 M0 | AB2: 系统本底噪声 Mn | AC2: 系统校准标漏开启后读数 M1 | AF2: 反应时间 T | AG2: 系统最小可检漏率 Qeim | AH2: 喷氦后读数 M2 | AK2: TG% | AL2: 实测漏率 Q
A3: 16 | B3: ="HD-LT26-00"&A3 -> HD-LT26-0016 | C3: SX300250223 | D3: 2026.03.12 | E3: H09515 | F3: 阀门箱B1-C04 | G3: SWB108 | H3: IN_TUBE_01 顶盖板内管1 | I3: 20 | J3: 40 | K3: Helium Spray Test | L3: 3.88 | M3: 9 | N3: =L3&"E"&-M3 -> 3.88E-9 | O3: 20 | P3: =N3*(1-(O3-I3)*0.03) -> 3.88e-09 | Q3: 5 | R3: 13 | S3: =Q3&"E"&-R3 -> 5E-13 | T3: =S3/10 -> 5e-14 | U3: 3.12 | V3: 9 | W3: =U3&"E"&-V3 -> 3.12E-9 | X3: =T3/(W3-S3)*P3 -> 6.2189453e-14 | Y3: 1 | Z3: 13 | AA3: =Y3&"E"&-Z3 -> 1E-13 | AB3: =AA3/10 -> 1e-14 | AC3: 3.32 | AD3: 9 | AE3: =AC3&"E"&-AD3 -> 3.32E-9 | AF3: 50 | AG3: =AB3*P3/(AE3-AA3) -> 1.1687099e-14 | AH3: 5.01 | AI3: 13 | AJ3: =AH3&"E"&-AI3 -> 5.01E-13 | AK3: 1 | AL3: =P3*(AJ3-AA3)/(AE3-AA3) -> 4.6865267e-13
T4: 如果In小于I0/10 那么就是I0/10 要么就是实测值

Sheet 计算
A1: 检漏仪校准
A2: 标准漏孔标定漏率 Q0 | B2: 数值 | C2: 数量级（-） | D2: =B3&"E"&-C3 -> 3.88E-9 | E2: 标漏检定温度 | F2: 20
B3: 3.88 | C3: 9
A4: 试验温度下标准漏率 Qt | B4: =D2*(1-(F2-F4)*0.03) -> 2.8324e-09 | E4: 试验温度 | F4: 11
A5: 仪器本底 I0 | B5: 数值 | C5: 数量级（-） | D5: =B6&"E"&-C6 -> 4.8E-9 | E5: 仪器本底噪声 In | F5: =D5/10 -> 4.8e-10
B6: 4.8 | C6: 9
A7: 仪器校准标漏开启后读数 I | B7: 数值 | C7: 数量级（-） | D7: =B8&"E"&-C8 -> 3.35E-9
B8: 3.35 | C8: 9
A9: 仪器最小可检漏率 Qmin | B9: =F5/(D8-D5)*B4 -> -2.8324e-10
A10: 测试记录和系统校准
A11: 系统本底 M0 | B11: 数值 | C11: 数量级（-） | D11: =B12&"E"&-C12 -> 2.03E-10 | E11: 系统本底噪声 Mn | F11: =D11/10 -> 2.03e-11
B12: 2.03 | C12: 10
A13: 系统校准标漏开启后读数 M1 | B13: 数值 | C13: 数量级（-） | D13: =B14&"E"&-C14 -> 4.63E-9
B14: 4.63 | C14: 9
A15: 系统最小可检漏率 Qeim | D15: =B4*F11/(D13-D11) -> 1.2987965e-11
A16: 喷氦后读数 M2 | B16: 数值 | C16: 数量级（-） | D16: =B17&"E"&-C17 -> 2.13E-10
B17: 2.13 | C17: 10
A18: 实测漏率 Q | D18: =B4*(D16-D11)/(D13-D11) -> 6.3980122e-12

Sheet 报告
A1: 南京晨光东螺波纹管有限公司 | E1: Report No. | I1: =原始数据!B3 -> HD-LT26-0016
A2: AEROSUN-TOLA EXPANSION JOINT CO.,LTD | E2: Page | I2: 1
A3: Helium Leak Test Report
A4: 试验信息Test Information
A5: Contract No. | B5: SX300250223 | E5: Product Name
A6: Product Code | B6: =VLOOKUP(I1,原始数据!$B:$E,4,0) -> H09515 | E6: Temperature°C | J6: =VLOOKUP(I1,原始数据!$B:$I,8,0) -> 20
A7: Test Date | B7: =VLOOKUP(I1,原始数据!$B:$J,3,0) -> 2026.03.12 | E7: Ambient humidity(%) | J7: 40
A8: Inspection aera | B8: Inner bellows weld | E8: Test Method
A9: Acceptance | B9: <1.0×10-10Pa.m3/s
A10: Test Procedure No. | B10: SX300250223-JD-007
A11: 试验设备 Test Equipment Information
A12: Leak Detector | C12: Model：250002v02, No.:90001689449, Validity period to:2027.01.03
A13: Standard Leak | C13: Model：LK-9，No.：D200745, Validity period to :2026.10.16
A14: Thermometer | C14: Model：WS2080B，No.：HD-053，Validity period to ：2026.06.22
A15: Helium concentration meter | C15: Model：PLT300-He，No.：PLT0622530488，Validity period to ：2026.12.11
A16: 检漏仪校准 Leak detector Calibration （Pa·m3/s）
A17: Calibrated Leak rate of Standard Leak | D17: =VLOOKUP(I1,原始数据!$B:$O,13,0) -> 3.88E-9 | F17: Leak rate of Standard Leak at test temperature | M17: =VLOOKUP(I1,原始数据!$B:$P,15,0) -> 3.88e-09
A19: Background Signal of Leak Detector | D19: =VLOOKUP(I1,原始数据!$B:$S,18,0) -> 5E-13 | F19: Background noise of Leak Detector | M19: =VLOOKUP(I1,原始数据!$B:$T,19,0) -> 5e-14
A21: Leak signal | D21: =VLOOKUP(I1,原始数据!$B:$W,22,0) -> 3.12E-9
A23: Sensitivity of leak detector | F23: =VLOOKUP(I1,原始数据!$B:$AG,23,0) -> 6.2189453e-14
A25: 测试记录Test Record （Pa·m3/s）
A26: Background Signal of Test system | D26: =VLOOKUP(I1,原始数据!$B:$AA,26) -> 1E-13 | G26: Background noise of Test system | L26: =VLOOKUP(I1,原始数据!$B:$AB,27,0) -> 1e-14
A28: Leak signal | D28: =VLOOKUP(I1,原始数据!$B:$AE,30,0) -> 3.32E-9 | G28: Response Time | L28: =VLOOKUP(I1,原始数据!$B:$AF,31,0) -> 50
A30: Sensitivity of Test system | G30: =VLOOKUP(I1,原始数据!$B:$AG,32,0) -> 1.1687099e-14
A33: Leak signal after spray helium | D33: =VLOOKUP(I1,原始数据!$B:$AK,35,0) -> 5.01E-13 | G33: Helium concentration | L33: 100
A35: Tested Leak Rate of system | G35: =VLOOKUP(I1,原始数据!B:AL,37,0) -> 4.6865267e-13
A38: 测试结果 Test Result
A39: Actual leakage rate is less than acceptance , The result is Acceptable
D41: Operator | H41: Editor | K41: Reviewed
A42: Signature/Date
A43: Qualification Level
